{
  "eye": {
    "orientation": [
      0.25582119822502136,
      0.01677190139889717,
      0.011162541806697845,
      0.9665142297744751
    ],
    "magnitude": 0.5773502588272095,
    "position": [
      60.70037078857422,
      349.1182861328125,
      1580.0526123046875
    ]
  },
  "paths": [],
  "ortho": false,
  "radius": 1059.48095703125,
  "visualHints": 0
}